{"cameraMode":{"drawMode":0,"name":"Shaded","section":"Shading Mode"},"sceneLighting":true,"audioPlay":false,"sceneViewState":{"showFog":true,"showMaterialUpdate":false,"showSkybox":true,"showFlares":true,"showImageEffects":true,"showParticleSystems":true,"showVisualEffectGraphs":true,"m_FxEnabled":true},"in2DMode":false,"pivot":{"x":0.028499990701675416,"y":0.6170000433921814,"z":-3.1500000953674318},"rotation":{"x":0.21858160197734834,"y":0.06173243373632431,"z":-0.013858102262020111,"w":0.9737693071365356},"size":0.5081852078437805,"orthographic":false}